frames_per_video,reference_count,seed_count,test_roc_auc_mean,test_roc_auc_std,test_roc_auc_min,test_roc_auc_max,test_eer_mean,test_eer_std,test_eer_min,test_eer_max,far_0.01_threshold_mean,far_0.01_threshold_std,far_0.01_threshold_min,far_0.01_threshold_max,far_0.01_test_tar_mean,far_0.01_test_tar_std,far_0.01_test_tar_min,far_0.01_test_tar_max,far_0.01_test_far_mean,far_0.01_test_far_std,far_0.01_test_far_min,far_0.01_test_far_max,far_0.01_test_frr_mean,far_0.01_test_frr_std,far_0.01_test_frr_min,far_0.01_test_frr_max,far_0.001_threshold_mean,far_0.001_threshold_std,far_0.001_threshold_min,far_0.001_threshold_max,far_0.001_test_tar_mean,far_0.001_test_tar_std,far_0.001_test_tar_min,far_0.001_test_tar_max,far_0.001_test_far_mean,far_0.001_test_far_std,far_0.001_test_far_min,far_0.001_test_far_max,far_0.001_test_frr_mean,far_0.001_test_frr_std,far_0.001_test_frr_min,far_0.001_test_frr_max
1,1,5,0.9999981010996672,1.602935726573937e-06,0.9999962428379097,1.0,0.00019358260605691958,0.00016330768336976931,0.0,0.0003851091142490372,0.17105279564857484,0.013872701205050832,0.15734857320785525,0.18932400643825534,1.0,0.0,1.0,1.0,0.009049440891680544,0.005743063273493604,0.0024630541871921183,0.018228498074454428,0.0,0.0,0.0,0.0,0.2153715699911118,0.022810061786092465,0.18187499046325686,0.23653805255889895,0.9990049751243781,0.001990049751243772,0.9950248756218906,1.0,0.0021966041199200413,0.0020151650891253397,0.000388903292714545,0.005339435545385202,0.0009950248756218905,0.001990049751243781,0.0,0.004975124378109453
1,3,5,0.9999998759742225,2.480515550185025e-07,0.9999993798711124,1.0,1.2774655084312725e-05,2.554931016862545e-05,0.0,6.387327542156362e-05,0.17803997099399568,0.008378940097928477,0.16921405494213107,0.18943208456039431,1.0,0.0,1.0,1.0,0.00823737593294863,0.004031000660373236,0.002851957479906663,0.014249037227214377,0.0,0.0,0.0,0.0,0.23413048982620244,0.015065643952943256,0.2114980071783066,0.2547936141490937,1.0,0.0,1.0,1.0,0.0008950386819012312,0.0007651590265250593,0.00025673940949935817,0.0021612001017035343,0.0,0.0,0.0,0.0
1,5,5,1.0,4.4408920985006264e-17,0.9999999999999999,1.0,0.0,0.0,0.0,0.0,0.18301469981670382,0.008873287408718292,0.1719719618558884,0.19813454151153567,1.0,0.0,1.0,1.0,0.007289344449138079,0.0031053103797107095,0.00233341975628727,0.010551741673023137,0.0,0.0,0.0,0.0,0.24102877676486972,0.016305381580212126,0.210204690694809,0.25706148147583013,1.0,0.0,1.0,1.0,0.0008675901488548662,0.000874281754731956,0.0,0.0024154589371980675,0.0,0.0,0.0,0.0
5,1,5,1.0,5.438959822042073e-17,0.9999999999999999,1.0,0.0,0.0,0.0,0.0,0.18233390748500827,0.016094141736120112,0.16247066855430606,0.2067997753620148,1.0,0.0,1.0,1.0,0.008566811149267092,0.0043770533405135086,0.001563314226159458,0.012331553521484871,0.0,0.0,0.0,0.0,0.23877103626728063,0.02552993060232663,0.20134523510932925,0.2684390544891358,1.0,0.0,1.0,1.0,0.0014586336925423366,0.0013790591059692427,0.0,0.003559623696923468,0.0,0.0,0.0,0.0
5,3,5,1.0,5.438959822042073e-17,0.9999999999999999,1.0,0.0,0.0,0.0,0.0,0.19044671654701234,0.016042645997324093,0.16617588698863986,0.21109075844287875,1.0,0.0,1.0,1.0,0.008273632656628194,0.005003707367062455,0.0013027618551328818,0.014619883040935672,0.0,0.0,0.0,0.0,0.2500637829303742,0.02905042357742323,0.1977501213550568,0.2823836207389832,1.0,0.0,1.0,1.0,0.001379931463199408,0.00187855352059546,0.0,0.005085176709890669,0.0,0.0,0.0,0.0
5,5,5,1.0,4.4408920985006264e-17,0.9999999999999999,1.0,0.0,0.0,0.0,0.0,0.19490236639976505,0.01511700971505504,0.1747696250677109,0.21863752603530887,1.0,0.0,1.0,1.0,0.007709367554000278,0.004812283012509192,0.000781657113079729,0.013221459445715738,0.0,0.0,0.0,0.0,0.24831295311450963,0.03337651953740773,0.188289150595665,0.28808644413948065,1.0,0.0,1.0,1.0,0.00214206612115926,0.0033955627603243425,0.0,0.00889905924230867,0.0,0.0,0.0,0.0
10,1,5,1.0,5.438959822042073e-17,0.9999999999999999,1.0,0.0,0.0,0.0,0.0,0.18328595459461214,0.01450367683300584,0.1664700359106064,0.20652964711189273,1.0,0.0,1.0,1.0,0.008572984679627494,0.0041782396436375905,0.0013027618551328818,0.012836970474967908,0.0,0.0,0.0,0.0,0.24293904006481176,0.02221281792621176,0.20529003441333774,0.2626452744007111,1.0,0.0,1.0,1.0,0.0014593153032082212,0.0014462598655718222,0.0,0.004068141367912535,0.0,0.0,0.0,0.0
10,3,5,1.0,5.438959822042073e-17,0.9999999999999999,1.0,0.0,0.0,0.0,0.0,0.18882585465908053,0.01791283399808388,0.15998475253582004,0.20913109183311465,1.0,0.0,1.0,1.0,0.00916518578962946,0.006439820966694057,0.001563314226159458,0.019196542079837273,0.0,0.0,0.0,0.0,0.254323959350586,0.026948957211582827,0.2047775983810425,0.27809172868728643,1.0,0.0,1.0,1.0,0.001252286049580108,0.0016242812125625051,0.0,0.004449529621154335,0.0,0.0,0.0,0.0
10,5,5,1.0,5.438959822042073e-17,0.9999999999999999,1.0,0.0,0.0,0.0,0.0,0.19561861455440524,0.015736008613820945,0.16690811514854434,0.21507903933525088,1.0,0.0,1.0,1.0,0.007962622759293221,0.00544368606531897,0.0009119332985930171,0.017543859649122806,0.0,0.0,0.0,0.0,0.25294262468814854,0.02844696409792499,0.1997358947992325,0.2855580151081086,1.0,0.0,1.0,1.0,0.0015547468154719238,0.002536270636488352,0.0,0.006610729722857869,0.0,0.0,0.0,0.0
